code,burmese,score
ad,တ်,270000
ad,က်,220000
ade,ိတ်,270000
ade,ိပ်,245000
ade,ိက်,220000
ae,ယ့်,270000
ae,ဲ့,248705
ae,ယ်,247066
ae,ည့်,244607
ae,ေ့,228197
ae,ေ,224098
ae,ေး,220000
ai,ိုင်,270000
ai,ိုင်း,220000
aim,ိမ်း,270000
aim,ိမ်,245000
aim,ိမ့်,220000
ain,ိန်,270000
ain,ိန်း,270000
ain,ိန့်,259708
ain,ိမ်,226862
ain,ိမ့်,223431
ain,ိမ်း,220000
aing,ိုင်,270000
aing,ိုင်း,220000
aint,ိန့်,270000
aint,ိန်,262959
aint,ိန်း,255917
aint,ိမ့်,234083
aint,ိမ်,227041
aint,ိမ်း,220000
ak,က်,270000
ak,တ်,235468
ak,ဲ့,233539
ak,ပ်,233431
ak,ည့်,226770
ak,ယ့်,220000
ake,ိတ်,270000
ake,ိပ်,245000
ake,ိက်,220000
al,ယ့်,270000
al,ည့်,247536
al,ယ်,246769
al,ဲ့,245908
al,ည်,224305
al,ည်း,220000
am,မ်,270000
am,မ်း,263055
am,မ့်,256109
am,န်,233891
am,ံ,233787
am,န်း,226945
am,ံ့,226841
am,န့်,220000
ame,ိမ်း,270000
ame,ိမ်,245000
ame,ိမ့်,220000
amm,မ်း,270000
amm,မ်,245000
amm,မ့်,220000
amp,မ့်,270000
amp,မ်,245000
amp,မ်း,220000
an,န်,270000
an,န်း,262959
an,န့်,255917
an,ံ,234688
an,မ်,234083
an,ံ့,227647
an,မ်း,227041
an,မ့်,220000
ane,ိမ်း,270000
ane,ိမ်,245000
ane,ိမ့်,220000
ann,န်း,270000
ann,န်,262959
ann,န့်,255917
ann,မ်း,234083
ann,မ်,227041
ann,မ့်,220000
ant,န့်,270000
ant,န်,262858
ant,န်း,255716
ant,မ့်,234284
ant,ံ့,234184
ant,မ်,227142
ant,ံ,227042
ant,မ်း,220000
ap,ပ်,270000
ape,ိတ်,270000
ape,ိပ်,270000
ape,ိက်,220000
at,တ်,270000
at,က်,220020
at,ပ်,220000
ate,ိတ်,270000
ate,ိပ်,245000
ate,ိက်,220000
auk,ောက်,270000
auk,ောင့်,220000
aung,ောင်,270000
aung,ောင်း,270000
aung,ောင့်,220000
aunk,ောင့်,270000
aunk,ောင်,245000
aunk,ောင်း,220000
aunt,ောင့်,270000
aunt,ောင်,245000
aunt,ောင်း,220000
aw,ော,270000
aw,ော်,270000
aw,ော့,220000
ay,ေ,270000
ay,ေး,245000
ay,ေ့,220000
aye,ေ,270000
aye,ေ့,270000
aye,ေး,270000
ayy,ေး,270000
ayy,ေ,245000
ayy,ေ့,220000
ayz,ေ့,270000
ayz,ေ,245000
ayz,ေး,220000
e,ည်,270000
e,ည်း,261913
e,ည့်,253827
e,ီ,228087
e,ိ,220000
ee,ီ,270000
ee,ိ,262874
ee,ည်း,234251
ee,ည်,227126
ee,ည့်,220000
ei,ိုင်,270000
ei,ိုင်း,220000
eik,ိက်,270000
eik,ိတ်,245000
eik,ိပ်,220000
eim,ိမ်း,270000
eim,ိမ်,245000
eim,ိမ့်,220000
ein,ိန်,270000
ein,ိန်း,270000
ein,ိန့်,259637
ein,ိမ်,226909
ein,ိမ့်,223454
ein,ိမ်း,220000
eint,ိမ့်,270000
eint,ိမ်,262957
eint,ိမ်း,255914
eint,ိန့်,234086
eint,ိန်,227043
eint,ိန်း,220000
ek,က်,270000
el,ယ်,270000
el,ယ့်,261438
el,ည်,245685
el,ည်း,245685
el,ည့်,220000
ent,မ့်,270000
ent,မ်,245000
ent,မ်း,220000
ep,ပ်,270000
et,က်,270000
et,တ်,220010
et,ပ်,220000
ey,ီ,270000
ey,ိ,220000
g,ောင်,270000
g,ောင်း,270000
g,ောင့်,220000
gg,ောင်,270000
gg,ောင်း,270000
gg,ောင့်,220000
he,ည်,270000
he,ည့်,266547
he,ည်း,263093
he,ဉ်း,226907
he,ဉ်,223453
he,ဉ့်,220000
hee,ဉ်း,270000
hee,ဉ်,245000
hee,ဉ့်,220000
hie,ဉ့်,270000
hie,ဉ်,245000
hie,ဉ်း,220000
hii,ဉ်း,270000
hii,ဉ်,245000
hii,ဉ့်,220000
hint,ဉ့်,270000
hint,ဉ်,245000
hint,ဉ်း,220000
i,ိ,270000
i,ီ,220000
ie,ီ,270000
ie,ိ,220000
ii,ီ,270000
ii,ိ,220000
ik,စ်,270000
ike,ိုက်,270000
in,င်,270000
in,င်း,262880
in,င့်,255759
in,ဉ်,234241
in,ဉ်း,227120
in,ဉ့်,220000
ine,ိုင်,270000
ine,ိုင်း,270000
inee,ိုင်း,270000
inee,ိုင်,220000
inn,င်း,270000
inn,င်,262880
inn,င့်,255759
inn,ဉ်း,234241
inn,ဉ်,227120
inn,ဉ့်,220000
int,င့်,270000
int,င်,262880
int,င်း,255759
int,ဉ့်,234241
int,ဉ်,227120
int,ဉ်း,220000
is,စ်,270000
iss,စ်,270000
it,စ်,270000
ite,ိုက်,270000
iz,စ်,270000
k,ဲ့,270000
k,ည့်,260682
k,ယ့်,251364
k,တ်,220475
k,က်,220019
k,ပ်,220000
l,ယ်,270000
l,ယ့်,262976
l,ည်,234049
l,ည်း,227024
l,ည့်,220000
ll,ယ်,270000
ll,ယ့်,220000
mm,န်း,270000
mm,န်,245000
mm,န့်,220000
n,န်,270000
n,န်း,262959
n,န့်,255917
n,မ်,234083
n,မ်း,227041
n,မ့်,220000
nn,န်း,270000
nn,န်,262959
nn,န့်,255917
nn,မ်း,234083
nn,မ်,227041
nn,မ့်,220000
o,ို,270000
o,ိုး,245000
o,ို့,220000
oap,ုတ်,270000
oap,ုပ်,270000
oe,ိုး,270000
oe,ို,245000
oe,ို့,220000
oee,ိုး,270000
oee,ို,245000
oee,ို့,220000
oh,ို,270000
oh,ို့,245000
oh,ိုး,220000
ok,ော့,270000
ok,ော,261956
ok,ော်,253912
ok,ုတ်,228044
ok,ုပ်,220000
oke,ုတ်,270000
oke,ုပ်,270000
on,ုံ,270000
on,ုံ့,220000
one,ုံ,270000
one,ုံ့,260817
one,ုန်,247548
one,ုန်း,247548
one,ုန့်,220000
ong,ုံ,270000
ong,ုံ့,262962
ong,ောင်,234077
ong,ောင်း,227038
ong,ောင့်,220000
onk,ုံ့,270000
onk,ုံ,262876
onk,ုန့်,234247
onk,ုန်,227124
onk,ုန်း,220000
ont,ုံ့,270000
ont,ုံ,262876
ont,ုန့်,234247
ont,ုန်,227124
ont,ုန်း,220000
oo,ို,270000
oo,ိုး,245000
oo,ို့,220000
ood,ွတ်,270000
ood,ွက်,245000
ood,ွပ်,220000
ook,ွက်,270000
ook,ွတ်,270000
ook,ွပ်,270000
oop,ွပ်,270000
oop,ွက်,245000
oop,ွတ်,220000
oot,ွတ်,270000
oot,ွက်,245000
oot,ွပ်,220000
op,ွပ်,270000
op,ွက်,245000
op,ွတ်,220000
ope,ုတ်,270000
ope,ုပ်,270000
or,ော,270000
or,ော်,270000
or,ော့,220000
ork,ော့,270000
ork,ော,245000
ork,ော်,220000
ort,ော့,270000
ort,ော,245000
ort,ော်,220000
ot,ို့,270000
ot,ို,262017
ot,ိုး,254033
ot,ုတ်,227983
ot,ုပ်,220000
ote,ုတ်,270000
ote,ုပ်,270000
ou,ု,270000
ou,ူ,262964
ou,ူး,255927
ou,ို,234073
ou,ိုး,227036
ou,ို့,220000
ouk,ောင့်,270000
ouk,ောက်,258730
ouk,ောင်,225269
ouk,ောင်း,220000
oung,ောင်,270000
oung,ောင်း,270000
oung,ောင့်,220000
ounk,ောင့်,270000
ounk,ောင်,245000
ounk,ောင်း,220000
ount,ောင့်,270000
ount,ောင်,245000
ount,ောင်း,220000
oup,ွပ်,270000
oup,ွက်,245000
oup,ွတ်,220000
out,ောင့်,270000
out,ောက်,258587
out,ောင်,225214
out,ောင်း,220000
ow,ိုး,270000
ow,ို,263053
ow,ို့,256105
ow,ော,233895
ow,ော်,226947
ow,ော့,220000
owl,ောင်း,270000
owl,ောင်,245000
owl,ောင့်,220000
ox,ို့,270000
ox,ို,245000
ox,ိုး,220000
u,ု,270000
u,ူ,245000
u,ူး,220000
um,ံ,270000
um,ံ့,263042
um,န်,233923
um,မ်,233916
um,န်း,226965
um,မ်း,226958
um,န့်,220007
um,မ့်,220000
umm,မ်း,270000
umm,မ်,245000
umm,မ့်,220000
un,န်,270000
un,န်း,262858
un,န့်,255716
un,မ်,234284
un,မ်း,227142
un,မ့်,220000
unn,မ်း,270000
unn,မ်,245000
unn,မ့်,220000
unt,ံ့,270000
unt,ံ,220000
ut,ွတ်,270000
ut,ွက်,245000
ut,ွပ်,220000
utt,ွတ်,270000
utt,ွက်,245000
utt,ွပ်,220000
uu,ူး,270000
uu,ု,245000
uu,ူ,220000
w,ော,270000
w,ော်,245000
w,ော့,220000
wae,ွေ,270000
wae,ွေ့,270000
wae,ွေး,220000
wah,ွာ,270000
wah,ွား,262940
wah,ွက်,234120
wah,ွတ်,227060
wah,ွပ်,220000
wahh,ွား,270000
wahh,ွာ,220000
wak,ွက်,270000
wak,ွတ်,245000
wak,ွပ်,220000
wal,ွယ်,270000
wal,ွယ့်,220000
war,ွာ,270000
war,ွား,270000
warr,ွား,270000
warr,ွာ,220000
wat,ွက်,270000
wat,ွတ်,245000
wat,ွပ်,220000
way,ွေ,270000
way,ွေ့,245000
way,ွေး,220000
wayy,ွေး,270000
wayy,ွေ,245000
wayy,ွေ့,220000
we,ွေ,270000
we,ွေ့,245000
we,ွေး,220000
wel,ွယ်,270000
wel,ွယ့်,220000
wet,ွက်,270000
wet,ွတ်,245000
wet,ွပ်,220000
win,ွင်,270000
win,ွင်း,270000
win,ွင့်,220000
wink,ွင့်,270000
wink,ွင်,245000
wink,ွင်း,220000
winn,ွင်း,270000
winn,ွင်,245000
winn,ွင့်,220000
wint,ွင့်,270000
wint,ွင်,245000
wint,ွင်း,220000
wk,ွက်,270000
wk,ွတ်,245000
wk,ွပ်,220000
wl,ွယ်,270000
wl,ွယ့်,220000
wor,ွာ,270000
wor,ွား,270000
wr,ွာ,270000
wr,ွား,270000
wrr,ွား,270000
wrr,ွာ,220000
wut,ွတ်,270000
wut,ွက်,245000
wut,ွပ်,220000
wutt,ွတ်,270000
wutt,ွက်,245000
wutt,ွပ်,220000
ww,ော,270000
ww,ော်,245000
ww,ော့,220000
wy,ွေ,270000
wy,ွေ့,245000
wy,ွေး,220000
wyn,ွင်,270000
wyn,ွင်း,245000
wyn,ွင့်,220000
wynn,ွင်း,270000
wynn,ွင်,245000
wynn,ွင့်,220000
wyy,ွေ,270000
wyy,ွေ့,245000
wyy,ွေး,220000
y,ေ,270000
y,ေး,270000
y,ေ့,220000
yae,ေ့,270000
yae,ေ,262954
yae,ေး,255908
yae,ဲ့,234092
yae,ည့်,227046
yae,ယ့်,220000
yar,ြား,270000
yar,ြာ,245000
yar,ျား,220000
yarr,ြား,270000
yarr,ြာ,245000
yarr,ျား,220000
yk,ိုက်,270000
yke,ိုက်,270000
yn,ွင်း,270000
yn,ွင်,245000
yn,ွင့်,220000
yne,ိုင်း,270000
yne,ိုင်,220000
yo,ြို,270000
yo,ျို,220000
you,ြု,270000
yr,ြား,270000
yr,ြာ,245000
yr,ျား,220000
yrr,ြား,270000
yrr,ြာ,245000
yrr,ျား,220000
yu,ြု,270000
yut,ွတ်,270000
yut,ွက်,245000
yut,ွပ်,220000
yy,ေး,270000
yy,ေ,245000
yy,ေ့,220000
